row_id,edge_case_category,edge_case_description,hipaa_identifiers_present,pii_detection_challenge,ground_truth_pii_count,patient_legal_name_last_first_mi,patient_first_name,patient_middle_name,patient_last_name,patient_name_suffix,patient_name_prefix,patient_maiden_name,patient_preferred_name,patient_legal_name_prior,patient_dob_mmddyyyy,patient_dob_iso,patient_dob_short,patient_dob_natural,patient_dob_hl7,patient_age,patient_sex,patient_gender_identity,patient_sex_assigned_at_birth,patient_ssn,patient_ssn_masked,patient_ssn_last4,patient_itin,patient_drivers_license,patient_passport_number,patient_home_address_line1,patient_home_address_line2,patient_city,patient_state,patient_zip,patient_zip_plus4,patient_mailing_address,patient_phone_home,patient_phone_mobile,patient_phone_work,patient_phone_work_ext,patient_fax,patient_email,patient_alt_email,patient_mrn,patient_empi_id,patient_account_number,patient_portal_url,patient_ip_address,patient_dod,patient_implant_udi,patient_language,patient_race,patient_ethnicity,ins1_payer_name,ins1_payer_id,ins1_plan_type,ins1_member_id,ins1_group_number,ins1_group_name,ins1_policy_number,ins1_subscriber_name,ins1_subscriber_dob,ins1_subscriber_ssn,ins1_subscriber_sex,ins1_subscriber_address,ins1_subscriber_phone,ins1_subscriber_employer,ins1_patient_relationship,ins1_effective_date,ins1_termination_date,ins1_rx_bin,ins1_rx_pcn,ins1_rx_group,ins1_copay_primary,ins1_deductible_ytd,ins1_oop_max,ins2_payer_name,ins2_payer_id,ins2_plan_type,ins2_member_id,ins2_group_number,ins2_subscriber_name,ins2_subscriber_dob,ins2_subscriber_ssn,ins2_patient_relationship,ins2_effective_date,ins3_payer_name,ins3_payer_id,ins3_member_id,ins3_subscriber_name,guarantor_name,guarantor_dob,guarantor_ssn,guarantor_address,guarantor_phone,guarantor_email,guarantor_employer,guarantor_relationship_to_patient,emergency_contact_name,emergency_contact_phone,emergency_contact_relationship,claim_number,claim_type,claim_form,date_of_service_from,date_of_service_to,date_of_service_hl7,date_of_service_range,date_admission,date_discharge,date_of_injury,place_of_service_code,diagnosis_icd10_primary,diagnosis_icd10_secondary,diagnosis_icd10_rare_flag,procedure_cpt,revenue_code_ub04,drg_code,prior_auth_number,prior_auth_expiry_date,referral_number,accident_type,accident_state,total_billed,patient_responsibility,billing_provider_name,billing_provider_npi,billing_provider_npi_type,billing_provider_tax_id_ein,billing_provider_tax_id_ssn,billing_provider_address,billing_provider_phone,billing_provider_fax,billing_provider_email,billing_provider_taxonomy,service_facility_name,service_facility_npi,service_facility_address,service_facility_clia,rendering_provider_name,rendering_provider_npi,rendering_provider_dea,rendering_provider_state_license,rendering_provider_taxonomy,referring_provider_name,referring_provider_npi,ordering_provider_name,ordering_provider_npi,attending_provider_name,attending_provider_npi,operating_provider_name,operating_provider_npi,other_provider_name,other_provider_npi,pharmacy_name,pharmacy_ncpdp_id,pharmacy_npi,pharmacy_dea,pharmacy_address,pharmacy_phone,prescriber_name,prescriber_npi,prescriber_dea,prescriber_state_license,rx_number,ndc_drug_code,drug_name,patient_bin,patient_pcn,patient_rx_group,wc_employer_name,wc_employer_address,wc_employer_phone,wc_employer_ein,wc_employer_contact_name,wc_carrier_name,wc_policy_number,wc_claim_number,wc_jurisdiction_claim_number,wc_date_of_injury,wc_injury_description,attorney_name,attorney_firm,attorney_address,attorney_phone,attorney_fax,attorney_email,attorney_bar_number,lien_amount,eob_claim_number,eob_mailing_address,eob_service_description,eob_remark_code,eob_denial_reason,dicom_patient_name_tag,dicom_patient_id_tag,dicom_patient_dob_tag,dicom_study_date_tag,dicom_accession_number,dicom_referring_physician,dicom_institution_name,dicom_performing_physician,dicom_burned_in_annotation_flag,quasi_id_combo_description,quasi_id_reidentification_risk,specimen_phone_format_1,specimen_phone_format_2,specimen_phone_format_3,specimen_dob_format_1,specimen_dob_format_2,specimen_dob_format_3,specimen_name_format_1,specimen_name_format_2,specimen_name_format_3,specimen_ssn_format_1,specimen_ssn_format_2,specimen_address_format,detection_notes,redaction_challenge_notes,hipaa_safe_harbor_removes,hipaa_expert_determination_notes
PAT-001,Patient Demographics,Standard patient — all common fields populated,"Names, DOB, SSN, Address, Phone, Email, MRN, Account#",Baseline — all fields in standard format,18,"JOHNSON, SARAH E",Sarah,Elizabeth,Johnson,,,,,,07/22/1990,1990-07-22,,"July 22, 1990",,33,F,,,987-65-4321,***-**-4321,4321,,TX-DL-7823041-C,,4521 Oak Street,,Austin,TX,78701,78701-3214,,(512) 867-5309,(512) 867-5310,(512) 440-0220,114,,sarah.e.johnson@gmail.com,s.johnson@austinisd.org,RGH-2024-039812,,ACCT-00789456,,,,,,,,Blue Cross Blue Shield of Texas,,,YMT987654321,GRP-TX-88120,,,,,,,,,,Self,,,,,,,,,,,,,,,,,,,,,,,,,,,,,,,,,,CLM-2024-0039812-001,,,03/15/2024,,,,,,,,G35,,,,,,,,,,,,,,,,,,,,,,,,,,,"Dr. Michael Chen, MD",1234567893,,,,,,,,,,,,,,,,,,,,,,,,,,,,,,,,,,,,,,,,,,,,,,,,,,,,,,,,,,,,,,,,,(512) 867-5310,512-867-5310,5128675310,07/22/1990,1990-07-22,"July 22, 1990","JOHNSON, SARAH E",Sarah E. Johnson,,987-65-4321,***-**-4321,,Baseline row — all PII in expected canonical formats,,All 18 identifier categories present,
PAT-002,Patient Demographics,Maiden name vs married name — same SSN different last name,"Names (2 variants), SSN, DOB","Same patient appears as 'Sarah Nguyen' in prior records and 'Sarah Johnson' in current — different strings, same SSN links them",12,"JOHNSON, SARAH E",Sarah,,Johnson,,,Nguyen,,"NGUYEN, SARAH E",07/22/1990,,,,,,,,,987-65-4321,,,,,,,,,,,,,,,,,,,,RGH-2024-039812,,,,,,,,,,BCBS of Texas,,,YMT987654321,,,,,,,,,,,,,,,,,,,,,,,,,,,,,,,,,,,,,,,,,,,,,,,,,,,,,,,,,,,,,,,,,,,,,,,,,,,,,,,,,,,,,,,,,,,,,,,,,,,,,,,,,,,,,,,,,,,,,,,,,,,,,,,,,,,,,,,,,,,,,,,,,,,,,,,,,,,,,,,,,str.replace('Sarah Johnson') will NOT catch 'Sarah Nguyen' — requires cross-reference by SSN or MRN. Both name forms are PII.,Must replace BOTH maiden and married name forms consistently,,Prior-name cross-reference records are themselves PHI
PAT-003,Patient Demographics,Hyphenated surname,"Names, DOB, Phone",Hyphen in surname changes string — 'Smith-Jones' ≠ 'Smith Jones' ≠ 'SmithJones' — three distinct strings for same person,6,"SMITH-JONES, CAROL A",Carol,Anne,Smith-Jones,,,,,,09/14/1978,,,,,,,,,456-78-9012,,,,,,,,,,,,,,(617) 555-0143,,,,,,,,,,,,,,,,,,,,,,,,,,,,,,,,,,,,,,,,,,,,,,,,,,,,,,,,,,,,,,,,,,,,,,,,,,,,,,,,,,,,,,,,,,,,,,,,,,,,,,,,,,,,,,,,,,,,,,,,,,,,,,,,,,,,,,,,,,,,,,,,,,,,,,,,,,,,,,,,,,,,,,,,,,,,,,"SMITH-JONES, CAROL A",Carol Smith-Jones,Carol A Smith Jones,,,,Hyphenated names require regex-aware detection: Smith-Jones | Smith Jones | SmithJones all possible in legacy systems,,,
PAT-004,Patient Demographics,Apostrophe in surname (O'Brien),"Names, DOB",Apostrophe causes encoding issues — O'Brien vs OBrien vs O Brien in different systems,5,"O'BRIEN, PATRICK M",Patrick,Michael,O'Brien,,,,,,03/17/1965,,,,,,,,,321-54-9876,,,,,,,,,,,,,,(617) 555-0217,,,,,,,,,,,,,,,,,,,,,,,,,,,,,,,,,,,,,,,,,,,,,,,,,,,,,,,,,,,,,,,,,,,,,,,,,,,,,,,,,,,,,,,,,,,,,,,,,,,,,,,,,,,,,,,,,,,,,,,,,,,,,,,,,,,,,,,,,,,,,,,,,,,,,,,,,,,,,,,,,,,,,,,,,,,,,,"O'BRIEN, PATRICK M","O'Brien, Patrick",OBrien Patrick,,,,Apostrophe often stripped in legacy systems — O'Brien → OBrien → 'OBrien'. Requires apostrophe-tolerant matching,,,
PAT-005,Patient Demographics,Hispanic dual surname (paternal + maternal),"Names, DOB, Address","Dual surname 'Garcia Lopez' may be split, reversed, or combined as 'Garcialopez' in different systems",7,"GARCIA LOPEZ, MARIA C",Maria,Concepcion,Garcia Lopez,,,,,,11/05/1988,,,,,,,,,567-89-0123,,,,,,789 Riverside Blvd,,San Antonio,TX,78201,,,,,,,,,,,,,,,,,,,,,,,,,,,,,,,,,,,,,,,,,,,,,,,,,,,,,,,,,,,,,,,,,,,,,,,,,,,,,,,,,,,,,,,,,,,,,,,,,,,,,,,,,,,,,,,,,,,,,,,,,,,,,,,,,,,,,,,,,,,,,,,,,,,,,,,,,,,,,,,,,,,,,,,,,,,,,,,,,,"GARCIA LOPEZ, MARIA C",Maria Garcia Lopez,"Garcia Lopez, Maria Concepcion",,,,Dual surname detection requires first-name/surname boundary disambiguation. 'Garcia Lopez' ≠ 'Lopez Garcia' in some records,,,
PAT-006,Patient Demographics,"Name with generational suffix (Jr, III)","Names, DOB, SSN","Suffix creates name variants — 'Johnson Jr' vs 'Johnson' vs 'Johnson, Robert Jr' across systems",5,"JOHNSON, ROBERT T III",Robert,Thomas,Johnson,III,,,,,08/12/1950,,,,,,,,,234-56-7890,,,,,,,,,,,,,,(713) 555-0383,,,,,,,,,,,,,,,,,,,,,,,,,,,,,,,,,,,,,,,,,,,,,,,,,,,,,,,,,,,,,,,,,,,,,,,,,,,,,,,,,,,,,,,,,,,,,,,,,,,,,,,,,,,,,,,,,,,,,,,,,,,,,,,,,,,,,,,,,,,,,,,,,,,,,,,,,,,,,,,,,,,,,,,,,,,,,,"JOHNSON, ROBERT T III",Robert T. Johnson III,"Johnson, Robert (III)",,,,"Suffix (Jr/Sr/III) often stored in separate field — when concatenated, creates variant: 'Johnson III' vs 'Johnson Jr.'",,,
PAT-007,Patient Demographics,Preferred / chosen name differs from legal name,"Names (2 sets), DOB, Phone","Legal: 'William Thompson' but goes by 'Billy Thompson' — clinical notes use preferred name, billing uses legal",8,"THOMPSON, WILLIAM R",William,,Thompson,,,,Billy Thompson,,04/08/1992,,,,,,,,,678-90-1234,,,,,,,,,,,,,,(214) 555-0788,,,,billythompson@gmail.com,,RGH-2024-047231,,,,,,,,,,,,,,,,,,,,,,,,,,,,,,,,,,,,,,,,,,,,,,,,,,,,,,,,,,,,,,,,,,,,,,,,,,,,,,,,,,,,,,,,,,,,,,,,,,,,,,,,,,,,,,,,,,,,,,,,,,,,,,,,,,,,,,,,,,,,,,,,,,,,,,,,,,,,,,,,,,,,,,,,,,,,,,Clinical notes use 'Billy' — detection must cover both preferred and legal names as separate PII instances,Replace 'Billy Thompson' AND 'William Thompson' consistently with same synthetic person,,
PAT-008,Patient Demographics,Transgender patient — legal name differs from historical records,"Names (prior+current), DOB, Gender identity fields",Prior records show 'Michael Torres' (deadname); current records show 'Michelle Torres' — same SSN + DOB links them,10,"TORRES, MICHELLE R",Michelle,,Torres,,,,,"TORRES, MICHAEL R",05/19/1990,,,,,,F,Transgender Female,M,789-01-2345,,,,,,,,,,,,,,(512) 555-0190,,,,,,RGH-2018-019233,,,,,,,,,,,,,,,,,,,,,,,,,,,,,,,,,,,,,,,,,,,,,,,,,,,,,,,,,,,,,,,,,,,,,,,,,,,,,,,,,,,,,,,,,,,,,,,,,,,,,,,,,,,,,,,,,,,,,,,,,,,,,,,,,,,,,,,,,,,,,,,,,,,,,,,,,,,,,,,,,,,,,,,,,,,,,,Prior legal name (deadname) is PHI under HIPAA — must be redacted from historical records. gender_identity and sex_assigned_at_birth are sensitive PHI.,Deadname and current name must both be redacted consistently. Gender identity fields are HIPAA-protected PHI.,,Transgender status itself is highly sensitive PHI — combination of deadname + new name is re-identification vector
PAT-009,Patient Demographics,Minor patient — parent is subscriber and guarantor,"Patient name, DOB; Parent name, SSN, DOB; Insurance under parent","Three different people: minor patient, parent/subscriber, parent/guarantor (same parent here — but 2 people's PII on one claim)",14,"JOHNSON, LILY M",Lily,Mae,Johnson,,,,,,11/03/2019,,,,,4,F,,,,,,,,,,,,,,,,,,,,,,,RGH-2022-011204,,,,,,,,,,BCBS of Texas,,,YMT987654321,GRP-TX-88120,,,Sarah Elizabeth Johnson,07/22/1990,987-65-4321,,,,,Child,,,,,,,,,,,,,,,,,,,,,,,Sarah Elizabeth Johnson,07/22/1990,987-65-4321,"4521 Oak Street, Austin TX 78701",(512) 867-5310,,,Mother,,,,CLM-2022-0011204-001,,,11/15/2022,,,,,,,,,,,,,,,,,,,,,,,,,,,,,,,,,,,"Dr. Emily Torres, MD",8899001122,,,,,,,,,,,,,,,,,,,,,,,,,,,,,,,,,,,,,,,,,,,,,,,,,,,,,,,,,,,,,,,,,,,,,,,,,,,,,Minor typically has no SSN on file — billing uses parent subscriber ID. Parent SSN appears as both subscriber SSN AND guarantor SSN on same record.,Parent's SSN appears in both ins1_subscriber_ssn AND guarantor_ssn — must replace consistently with same synthetic value,,
PAT-010,Patient Demographics,Newborn billed under mother's insurance ID with suffix,Newborn name+DOB; Mother's member ID with suffix code,Newborn uses mother's member ID + suffix '01' before receiving own ID — detecting suffix-modified member IDs,11,"JOHNSON, BABY GIRL",Baby Girl,,Johnson,,,,,,03/15/2024,,,,,0,F,,,,,,,,,,,,,,,,,,,,,,,RGH-2024-039990,,,,,,,,,,BCBS of Texas,,,YMT987654321-01,,,,Sarah Elizabeth Johnson,07/22/1990,987-65-4321,,,,,Child,,,,,,,,,,,,,,,,,,,,,,,Sarah Elizabeth Johnson,,987-65-4321,,,,,Mother,,,,,,,03/15/2024,,,,03/15/2024,,,,,,,,,,,,,,,,,,,,,,,,,,,,,,,,,,,,,,,,,,,,,,,,,,,,,,,,,,,,,,,,,,,,,,,,,,,,,,,,,,,,,,,,,,,,,,,,,,,,,,,,,,,,,Member ID 'YMT987654321-01' = mother's ID + newborn suffix. Pattern-matching on raw member ID may miss suffix variant.,Suffix '-01' must be replaced consistently — synthetic mother ID + same suffix,,
PAT-011,Patient Demographics,Deceased patient — date of death present; estate representative,"Names, DOB, Date of Death, Estate rep PII",PHI of deceased persons remains protected 50 years post-death; estate rep adds 3rd-party PII,12,"WILLIAMS, JAMES H",James,,Williams,,,,,,02/14/1930,,,,,>90,,,,111-22-3456,,,,,,,,,,,,,,,,,,,,RGH-2024-001108,,ACCT-00001108,,,01/08/2024,,,,,Medicare,,Medicare Part A+B,1AB4CD5EF67,,,,,,,,,,,,,,,,,,,,,,,,,,,,,,,,,,Patricia Anne Williams,08/22/1935,222-33-4567,"8 Elm Court, Portland OR 97201",(503) 555-0182,,,Spouse / Estate Representative,,,,,,,12/20/2023,,,,,01/08/2024,,,,,,,,,,,,,,,,,,,,,,,,,,,,,,,,,,,,,,,,,,,,,,,,,,,,,,,,,,,,,,,,,,,,,,,,,,,,,,,,,,,,,,,,,,,,,,,,,,,,,,,,,,,,patient_dod is HIPAA identifier (C — dates). Age >90 must be aggregated per Safe Harbor. Estate rep name+SSN+DOB = additional PHI on claim.,,DOB must be generalized to year only; DOD must be removed; age reported as '>90',
PAT-012,Patient Demographics,Age 90+ — HIPAA Safe Harbor requires aggregation,"DOB (requires suppression), Age (requires '>90' generalization)","HIPAA Safe Harbor requires all ages >89 be aggregated as '90+' — detection system must flag, not just redact",9,"CHEN, MARGARET L",Margaret,,Chen,,,,,,03/09/1928,1928-03-09,,,,95,,,,333-44-5678,,,,,,,,,,,,,(415) 555-0195,,,,,,,RGH-2024-098765,,,,,,,,,,Medicare,,Medicare Advantage,2CD5EF6GH78,,,,,,,,,,,,,,,,,,,,,,,,,,,,,,,,,,,,,,,,,,,,,,,,,,,,,,,,,,,,,,,,,,,,,,,,,,,,,,,,,,,,,,,,,,,,,,,,,,,,,,,,,,,,,,,,,,,,,,,,,,,,,,,,,,,,,,,,,,,,,,,,,,,,,,,,,,,,,,,,,"DOB 1928 exposes age >90 — must suppress full DOB, replace age with '>90'. Year-of-birth alone in combination with other demographics is re-identification risk.",,DOB → year only (1928); Age → '>90'; all geographic data smaller than state,
INS-001,Insurance Identifiers,BCBS member ID — standard format with state prefix,"Member ID (Health plan beneficiary #), Group #, Subscriber PII",BCBS IDs have 3-char alphanumeric prefix + numeric suffix — must distinguish from other ID formats,8,"PARKER, DIANA L",Diana,,Parker,,,,,,04/18/1983,,,,,,,,,,,,,,,,,,,,,,,,,,,,,,,,,,,,,,,Blue Cross Blue Shield of Texas,04462,PPO Gold,YMT123456789,GRP-TX-55210,Parker Industries Health Plan,,Diana L Parker,04/18/1983,,,,,,Self,,,610415,BCBSTX,RXGRP55210,,,,,,,,,,,,,,,,,,,,,,,,,,,,,,,,,,,,,,,,,,,,,,,,,,,,,,,,,,,,,,,,,,,,,,,,,,,,,,,,,,,,,,,,,,,,,,,,,,,,,,,,,,,,,,,,,,,,,,,,,,,,,,,,,,,,,,,,,,,,,,,,,"BCBS member ID format: [A-Z0-9]{3}[0-9]{6,12}. FEP (Federal Employee) variant: R + 8 digits. Rx BIN/PCN/Group are separate sensitive IDs on pharmacy card.",,,
INS-002,Insurance Identifiers,Aetna member ID — W-prefix numeric format,"Member ID, Group #",Aetna IDs: 'W' prefix + 8-12 digits. May also appear as purely numeric without W prefix in different systems.,7,"KOWALSKI, DAVID M",David,,Kowalski,,,,,,07/30/1977,,,,,,,,,,,,,,,,,,,,,,,,,,,,,,,,,,,,,,,Aetna Health Inc,60054,HMO Select,W123456789,0809876,,,David M Kowalski,,,,,,,Self,,,,,,,,,,,,,,,,,,,,,,,,,,,,,,,,,,,,,,,,,,,,,,,,,,,,,,,,,,,,,,,,,,,,,,,,,,,,,,,,,,,,,,,,,,,,,,,,,,,,,,,,,,,,,,,,,,,,,,,,,,,,,,,,,,,,,,,,,,,,,,,,,,,,,,Aetna ID: W + 8-12 digits OR purely numeric 8-12 digits. 'W123456789' is a member ID — context-aware detection required to distinguish from random numbers.,,,
INS-003,Insurance Identifiers,UnitedHealthcare — 9-11 digit numeric member ID,"Member ID, Group #","UHC IDs are purely numeric — easily confused with phone numbers, account numbers, dates",7,"WASHINGTON, ANGELA T",Angela,,Washington,,,,,,12/01/1969,,,,,,,,,,,,,,,,,,,,,,,,,,,,,,,,,,,,,,,UnitedHealthcare,87726,Choice Plus PPO,987654321,715432,,,Angela T Washington,,,,,,,Self,,,,,,,,,,,,,,,,,,,,,,,,,,,,,,,,,,,,,,,,,,,,,,,,,,,,,,,,,,,,,,,,,,,,,,,,,,,,,,,,,,,,,,,,,,,,,,,,,,,,,,,,,,,,,,,,,,,,,,,,,,,,,,,,,,,,,,,,,,,,,,,,,,,,,,UHC 9-digit member ID '987654321' is visually identical to SSN without dashes. Context/field-label detection critical to avoid false negatives.,,,
INS-004,Insurance Identifiers,Medicare MBI — 11-character alphanumeric,"MBI (Health plan beneficiary #), Name, DOB","MBI format: C-AN-N-AN-N-AN-AN-N-N (no S,L,O,I,B,Z). Visually distinct from commercial IDs but pattern-matching required.",8,"HARRISON, ELEANOR B",Eleanor,,Harrison,,,,,,05/12/1942,,,,,>80,,,,,,,,,,,,,,,,,,,,,,,,,,,,,,,,,,Medicare,00950,Medicare Part A+B,1EG4TE5MK73,,,,Eleanor B Harrison,,,,,,,Self,,,,,,,,,,,,,,,,,,,,,,,,,,,,,,,,,,,,,,,,,,,,,,,,,,,,,,,,,,,,,,,,,,,,,,,,,,,,,,,,,,,,,,,,,,,,,,,,,,,,,,,,,,,,,,,,,,,,,,,,,,,,,,,,,,,,,,,,,,,,,,,,,,,,,,"MBI regex: ^[1-9][AC-HJKMNP-RT-Y][A-Z0-9]\d[AC-HJKMNP-RT-Y][A-Z0-9]\d[AC-HJKMNP-RT-Y]{2}\d{2}$. Letters B,D,I,L,O,S,Z excluded.",,MBI is health plan beneficiary number (identifier H) — must be fully removed,
INS-005,Insurance Identifiers,Dual-eligible — Medicare MBI + Medicaid CIN on same claim,"MBI + Medicaid ID, Name, DOB (dual IDs)",Dual-eligible claims carry two insurance IDs — both are PHI. Medicaid CIN format varies by state.,10,"MORALES, ROSA M",Rosa,,Morales,,,,,,08/27/1944,,,,,>79,,,,,,,,,,,,,,,,,,,,,,,,,,,,,,,,,,Medicare,,Medicare Part A+B,2CD5EF6GH78,,,,,,,,,,,Self,,,,,,,,,Texas Medicaid,84998,Medicaid,TX-MAID-1234567890,,Rosa M Morales,,,Self,,,,,,,,,,,,,,,,,,,,,,,,,,,,,,,,,,,,,,,,,,,,,,,,,,,,,,,,,,,,,,,,,,,,,,,,,,,,,,,,,,,,,,,,,,,,,,,,,,,,,,,,,,,,,,,,,,,,,,,,,,,,,,,,,,,,,Dual-eligible: Medicare MBI (format: 2CD5EF6GH78) AND Medicaid CIN (TX-MAID-1234567890) must both be detected and replaced with consistent synthetic IDs.,,,
INS-006,Insurance Identifiers,TRICARE — military beneficiary,"DoD ID (11-digit), Name, DOB, Sponsor SSN",TRICARE uses DoD Beneficiary ID or SSN-based ID. Sponsor (active duty member) SSN appears as policy basis.,9,"RODRIGUEZ, JAMES A",James,,Rodriguez,,,,,,09/22/1995,,,,,,,,,,,,,,,PSC 1234 Box 5678,,APO,AE,09001,,,,,,,,,,,,,,,,,,,,TRICARE Prime,98798,TRICARE Prime,1234567890123,,,,Sgt. Carlos Rodriguez,,543-21-9876,,,,,Child,,,,,,,,,,,,,,,,,,,,,,,,,,,,,,,,,,,,,,,,,,,,,,,,,,,,,,,,,,,,,,,,,,,,,,,,,,,,,,,,,,,,,,,,,,,,,,,,,,,,,,,,,,,,,,,,,,,,,,,,,,,,,,,,,,,,,,,,,,,,,,,,,,,,,"PSC 1234 Box 5678, APO AE 09001",TRICARE DoD Beneficiary ID is 11-digit number. Military address (APO/FPO) is geographic PII. Sponsor SSN appears as insurance basis.,,,
INS-007,Insurance Identifiers,Self-pay — no insurance; guarantor is patient,"Patient PII only, no insurance fields",Self-pay records have no member ID but still contain full patient demographics. Guarantor = patient (self).,8,"PATEL, AMIT K",Amit,,Patel,,,,,,03/14/1988,,,,,,,,,654-32-1098,,,,,,3301 Commerce St Apt 7,,Dallas,TX,75226,,,,(469) 555-0314,,,,amit.patel88@gmail.com,,RGH-2024-055511,,,,,,,,,,Self Pay,,,,,,,,,,,,,,,,,,,,,,,,,,,,,,,,,,,,,Amit K Patel,,654-32-1098,,,,,Self,,,,,,,,,,,,,,,,,,,,,,,,,,,,,,,,,,,,,,,,,,,,,,,,,,,,,,,,,,,,,,,,,,,,,,,,,,,,,,,,,,,,,,,,,,,,,,,,,,,,,,,,,,,,,,,,,,,,,,,,"Self-pay: no member ID to detect, but all patient demographics still PHI. Guarantor_ssn = patient_ssn — deduplication requires canonical-value awareness.",,,
COB-001,Coordination of Benefits,Primary + secondary insurance (2-way COB),"2× subscriber PII, 2× member IDs, 2× group numbers",Two insurers = two complete sets of subscriber PII. Primary subscriber may differ from secondary.,16,"HERNANDEZ, CARMEN L",Carmen,,Hernandez,,,,,,01/25/1979,,,,,,,,,876-54-3210,,,,,,,,,,,,,,,,,,,,RGH-2024-071122,,,,,,,,,,UnitedHealthcare,,Choice Plus PPO,876543210,715441,,,Carmen L Hernandez,01/25/1979,876-54-3210,,,,,Self,,,,,,,,,Cigna Health,62308,,U87654321,3341987,Marco A Hernandez,03/12/1976,765-43-2109,Spouse,,,,,,,,,,,,,,,,,,,,,,,,,,,,,,,,,,,,,,,,,,,,,,,,,,,,,,,,,,,,,,,,,,,,,,,,,,,,,,,,,,,,,,,,,,,,,,,,,,,,,,,,,,,,,,,,,,,,,,,,,,,,,,,,,,,,,"COB: 2 subscriber names (different people), 2 SSNs, 2 member IDs, 2 DOBs, 2 group numbers. Secondary subscriber (spouse) is 3rd-party PII.",ins1_subscriber_ssn and ins2_subscriber_ssn must map to different synthetic SSNs since they represent different people,,
COB-002,Coordination of Benefits,Three-way COB — primary + secondary + tertiary,"3× subscriber PII, 3× member IDs",Three insurers triples insurance PII; UB-04 FL 50-65 has A/B/C lanes for all three payers,20,"NGUYEN, THOMAS Q",Thomas,,Nguyen,,,,,,07/04/1961,,,,,,,,,234-56-7891,,,,,,,,,,,,,,,,,,,,RGH-2024-081234,,,,,,,,,,Aetna Health,,PPO,W234567890,0812345,,,Thomas Q Nguyen,07/04/1961,234-56-7891,,,,,Self,,,,,,,,,Medicare,,Medicare Part B,3EF6GH7IJ89,,Thomas Q Nguyen,,,Self,,AARP Medicare Supplement,11315,AARP-TX-9876543,Thomas Q Nguyen,,,,,,,,,,,,,Institutional,UB-04,,,,,,,,,,,,,,,,,,,,,,,,,,,,,,,,,,,,,,,,,,,,,,,,,,,,,,,,,,,,,,,,,,,,,,,,,,,,,,,,,,,,,,,,,,,,,,,,,,,,,,,,,,,,,,,,,,"Three-way COB: UB-04 supports 3 payer lines (FL 50-65 A/B/C). Three member IDs, three group numbers, three authorization codes — all PHI.",ins3_member_id is tertiary and may be missed if detection only handles primary/secondary fields,,
COB-003,Coordination of Benefits,Medicare primary + Medicaid secondary (dual-eligible claim),"MBI + Medicaid ID, dual subscriber PII","Medicare-crossover claim: paid by Medicare first, then crosses to Medicaid automatically. Two ID formats on same claim.",11,"JACKSON, DOROTHY M",Dorothy,,Jackson,,,,,,06/10/1941,,,,,>80,,,,345-67-8912,,,,,,,,,,,,,,,,,,,,RGH-2024-090123,,,,,,,,,,Medicare Part A+B,,Medicare,4GH7IJ8KL90,,,,Dorothy M Jackson,,,,,,,Self,,,,,,,,,Louisiana Medicaid,,Medicaid,LA-9087654321,,Dorothy M Jackson,,,Self,,,,,,,,,,,,,,,,,,Institutional,UB-04,,,,,,,,,,,,,,,,,,,,,,,,,,,,,,,,,,,,,,,,,,,,,,,,,,,,,,,,,,,,,,,,,,,,,,,,,,,,,,,,,,,,,,,,,,,,,,,,,,,,,,,,,,,,,,,,,,Crossover claim: MBI format (4GH7IJ8KL90) AND Medicaid CIN (LA-9087654321) — two structurally different insurance IDs on one claim.,,,
TRI-001,Patient-Subscriber-Guarantor Triangle,"All three are different people — grandmother, parent employer plan, minor patient","3× Names, 3× DOBs, 2× SSNs, address for each",Three distinct individuals on one claim — naive detection may only extract one person's data,18,"ANDERSON, TYLER J",Tyler,,Anderson,,,,,,06/15/2015,,,,,8,,,,,,,,,,,,,,,,,,,,,,,,RGH-2024-033445,,,,,,,,,,Humana,,,H9876543210,DELL-HUM-88001,,,Kevin B Anderson,02/28/1981,456-78-9013,,,,Dell Technologies Inc,Child,,,,,,,,,,,,,,,,,,,,,,,Linda Carol Anderson,11/09/1955,567-89-0124,"321 Maple Drive, Cedar Park TX 78613",(512) 555-0321,,,Grandmother,Kevin B Anderson,(512) 555-0481,Father,,,,,,,,,,,,,,,,,,,,,,,,,,,,,,,,,,,,,,,,,,,,,,,,,,,,,,,,,,,,,,,,,,,,,,,,,,,,,,,,,,,,,,,,,,,,,,,,,,,,,,,,,,,,,,,,,,,,,"Three people: patient (Tyler, age 8, no SSN), subscriber (Kevin — father, has SSN), guarantor (Linda — grandmother, has own SSN). Emergency contact = subscriber (father) — name duplication.",guarantor_ssn ≠ subscriber_ssn — must map to two different synthetic SSNs. guarantor_name ≠ subscriber_name — two different people,,
TRI-002,Patient-Subscriber-Guarantor Triangle,"Deceased estate — patient deceased, estate rep as guarantor","Deceased patient PII, estate rep name+SSN+address",Billing goes to estate representative — adds another person's complete demographics to record,13,"FOSTER, GEORGE W",George,,Foster,,,,,,01/01/1928,,,,,>90,,,,111-33-5577,,,,,,,,,,,,,,,,,,,,RGH-2023-099987,,ACCT-00099987,,,11/15/2023,,,,,Medicare,,,5HI8JK9LM01,,,,,,,,,,,,,,,,,,,,,,,,,,,,,,,,,,Susan Marie Foster,09/03/1950,222-44-6688,"14 Birchwood Lane, Richmond VA 23219",(804) 555-0114,sfoster1950@outlook.com,,Spouse / Estate Representative,,,,,,,,,,,,,,,,,,,,,,,,,,,,,,,,,,,,,,,,,,,,,,,,,,,,,,,,,,,,,,,,,,,,,,,,,,,,,,,,,,,,,,,,,,,,,,,,,,,,,,,,,,,,,,,,,,,,,,,,Deceased patient: DOD is HIPAA C identifier. Estate rep is 3rd-party person adding name+DOB+SSN+address+phone+email to the record.,,"DOB (generalize to year 1928), DOD (remove), age '>90'; estate rep address city/state/zip also covered under (B)",
PRV-001,Provider Roles,"Solo practice — billing = rendering = ordering, same NPI","Single provider NPI, DEA, state license, EIN/SSN as Tax ID",Solo provider: one NPI serves billing and rendering roles. Tax ID may be SSN (sole proprietor).,9,"BELL, MARTHA A",Martha,,Bell,,,,,,10/20/1965,,,,,,,,,,,,,,,,,,,,,,,,,,,,,,,,,,,,,,,,,,,,,,,,,,,,,,,,,,,,,,,,,,,,,,,,,,,,,,,,,,,,,,,,,,,,,,,,,,,,,,,,,,,,,,,Dr. James R Whitfield MD,1902837465,Type 1 (Individual),,543-21-9870,"900 Medical Pkwy Suite 101, Austin TX 78705",(512) 555-0900,(512) 555-0901,drwhitfield@whitfieldmd.com,208000000X,,,,,Dr. James R Whitfield MD,1902837465,BW1234563,TX-MD-00198344,,,,,,,,,,,,,,,,,,,,,,,,,,,,,,,,,,,,,,,,,,,,,,,,,,,,,,,,,,,,,,,,,,,,,,,,,,,"Sole proprietor uses SSN as Federal Tax ID on CMS-1500 Box 25. billing_provider_tax_id_ssn is SSN — must be redacted. DEA number BW1234563 validates (B=practitioner, W=Whitfield).","SSN as Tax ID is easy to miss — appears in provider section, not patient section",,
PRV-002,Provider Roles,Group practice — billing NPI (Type 2) ≠ rendering NPI (Type 1),"Two different NPIs, EIN for org, SSN/license for individual",Billing entity (group) has Type 2 NPI + EIN; Rendering provider has Type 1 NPI + DEA + state license — distinct PII sets,10,"SCOTT, LINDA J",Linda,,Scott,,,,,,08/08/1972,,,,,,,,,,,,,,,,,,,,,,,,,,,,,,,,,,,,,,,,,,,,,,,,,,,,,,,,,,,,,,,,,,,,,,,,,,,,,,,,,,,,,,,,,,,,,,,,,,,,,,,,,,,,,,,Southwest Cardiology Associates PLLC,1234567893,Type 2 (Organization),74-3829156,,"1200 Heart Lane Suite 300, Houston TX 77030",(713) 555-1200,(713) 555-1201,,,,,,,Dr. Patricia Ann Lee MD,1902837465,BL5678901,TX-MD-00129841,207RC0000X,Dr. Michael Chen MD,1234567890,,,,,,,,,,,,,,,,,,,,,,,,,,,,,,,,,,,,,,,,,,,,,,,,,,,,,,,,,,,,,,,,,,,,,,,,"Org NPI (Type 2) + EIN for billing; Individual NPI (Type 1) + DEA + license for rendering. Referring provider adds 3rd NPI. Three provider NPIs, one EIN, one DEA, one license.",,,
PRV-003,Provider Roles,Full provider chain — referring + attending + rendering + operating (surgical case),"5 provider names, 4-5 NPIs, DEA, state license",Surgical UB-04: attending ≠ operating ≠ rendering ≠ referring. Each has distinct NPI + PII.,14,"TURNER, RICHARD B",Richard,,Turner,,,,,,06/06/1958,,,,,,,,,,,,,,,,,,,,,,,,,,,,,,,,,,,,,,,,,,,,,,,,,,,,,,,,,,,,,,,,,,,,,,,,,,,,,,,,,,,,,,,,Institutional,UB-04,,,,,,,,,,,,,,,,,,,,,,Central Texas Surgical Center LLC,1234567009,Type 2 (Organization),83-9876543,,,,,,,Central Texas Surgical Center,1234567009,"500 Surgery Blvd, Round Rock TX 78664",,Dr. Elena R Martinez MD,1098765432,BM2345674,,,Dr. Samuel K Park MD,1987654322,,,Dr. Elena R Martinez MD,1098765432,Dr. Christopher J Wong MD,1876543219,Dr. Thomas A Hill MD (Anesthesia),1765432198,,,,,,,,,,,,,,,,,,,,,,,,,,,,,,,,,,,,,,,,,,,,,,,,,,,,,,,,,,,,,,,,5 provider names and 5 NPIs on one institutional claim. Attending=Rendering (same NPI appears twice). Anesthesiologist is 'other provider' — may be missed.,Same NPI 1098765432 in both attending AND rendering fields — must replace with same synthetic NPI consistently,,
CLM-001,Claim Types,Pharmacy / Rx claim (NCPDP format) — full prescriber + pharmacy PII,"Patient PII, Prescriber name+NPI+DEA, Pharmacy name+NCPDP+NPI, NDC, Rx#, BIN/PCN",Pharmacy claims uniquely combine patient demographics with prescriber AND pharmacy PII + drug-level identifiers,17,"REED, ANNA M",Anna,,Reed,,,,,,02/19/1977,,,,,,,,,,,,,,,,,,,,,,,,,,,,,,,,,,,,,,,Cigna Health,,,U45678901,,,,,,,,,,,,,,610502,CIGNARX,RXCGNA45678,,,,,,,,,,,,,,,,,,,,,,,,,,,,,,Pharmacy,NCPDP,03/07/2024,,,,,,,,,,,,,,,,,,,,,,,,,,,,,,,,,,,,,,,,,,,,,,,,,,HealthPlus Pharmacy #0342,3456789,1543219876,PR4567891,"2201 Westlake Ave, Los Angeles CA 90025",(310) 555-0221,Dr. Sarah K Novak MD,1654321987,BN3456785,CA-MD-00234512,RX-2024-088341,00777-3105-02,Avonex (Interferon beta-1a) 30mcg,610502,CIGNARX,RXCGNA45678,,,,,,,,,,,,,,,,,,,,,,,,,,,,,,,,,,,,,,,,,,,,,,,,NDC 00777-3105-02 links drug to patient — indirectly reveals diagnosis (MS). NCPDP pharmacy ID + NPI + DEA are distinct pharmacy identifiers. Rx# is unique identifier.,,,NDC for specialty drug (Avonex for MS) reveals diagnosis even if ICD-10 absent — quasi-identifier risk
CLM-002,Claim Types,Workers' compensation claim — employer + carrier + attorney PII,"Patient PII, Employer name+address+EIN+contact, WC carrier+policy#, Jurisdiction claim#, Attorney PII","Workers comp adds 3 new PII entities: employer, WC carrier, claimant attorney. Injury description may reveal occupation.",20,"MURPHY, KEVIN D",Kevin,,Murphy,,,,,,09/09/1979,,,,,,,,,543-21-0987,,,,,,4502 Worker Blvd,,Irving,TX,75038,,,,(214) 555-0909,,,,,,,,,,,,,,,,,,,,,,,,,,,,,,,,,,,,,,,,,,,,,,,,,,,,,,,,,,,,,,,,,Workers Compensation,,02/14/2024,,,,,,,,S68.419A,,,,,,,,,,,,,,,,,,,,,,,,,,,,,,,,,,,,,,,,,,,,,,,,,,,,,,,,,,Texas Construction LLC,"800 Industrial Pkwy, Irving TX 75061",(214) 555-0800,26-4567891,Janet L Simmons (HR Director),Texas Mutual Insurance Company,TSA-WC-2023-0045678,WC-CLM-2024-0078901,TX-WC-2024-DWC-567890,02/14/2024,Crushing injury to right hand — operating table saw at job site,Jennifer A Thornton Esq,Thornton & Associates PLLC,"1400 Legal Plaza Suite 500, Dallas TX 75201",(214) 555-1400,(214) 555-1401,jthornton@thorntonlaw.com,TX-BAR-24567890,,,,,,,,,,,,,,,,,,,,,,,,,,,,,,"Injury description reveals occupation (construction worker, table saw). WC employer EIN is PII. Attorney bar number is unique identifier (HIPAA K). Four distinct entities with PII.",,,Injury description + employer + date of injury combination may uniquely identify incident even without patient name
CLM-003,Claim Types,Mental health claim — 42 CFR Part 2 substance use extra protection,"Patient PII, SUD diagnosis, Provider PII",Substance use disorder (SUD) records under 42 CFR Part 2 require stricter protection than HIPAA alone. Diagnosis reveals sensitive condition.,10,"GRANT, DANIEL R",Daniel,,Grant,,,,,,03/28/1985,,,,,,,,,432-10-9876,,,,,,,,,,,,,,,,,,,,BEHAV-2024-011122,,,,,,,,,,Aetna Behavioral Health,,,W567890123,0934567,,,,,,,,,,,,,,,,,,,,,,,,,,,,,,,,,,,,,,,,,,,,BH-2024-0011122-01,,,03/01/2024,,,,,,,,F10.20,F33.1,FALSE,90837,,,,,,,,,,Austin Behavioral Health Group,1234500987,,81-2345678,,,,,,,,,,,Dr. Rebecca L Stone PsyD,1432109876,,TX-PSY-00045678,,,,,,,,,,,,,,,,,,,,,,,,,,,,,,,,,,,,,,,,,,,,,,,,,,,,,,,,,,,,,,,,,,,,,,,,,,,"F10.20 (alcohol use disorder, uncomplicated) reveals sensitive SUD condition — 42 CFR Part 2 applies, stricter than HIPAA. F33.1 (MDD moderate) is mental health PHI.",,,Behavioral health diagnosis codes are highly sensitive quasi-identifiers — SUD diagnosis + demographic combination is rare enough to re-identify
CLM-004,Claim Types,Dental claim (ADA form) — dentist NPI + license + dental-specific fields,"Patient PII, Dentist NPI + license, Tooth numbers, Dental procedure codes","ADA dental claims use CDT codes (D-codes), tooth numbers/surfaces — unique to dental domain; tooth chart data can be forensic identifier",11,"FLORES, ISABELLA C",Isabella,,Flores,,,,,,07/17/1991,,,,,,,,,321-09-8765,,,,,,,,,,,,,,,,,,,,,,,,,,,,,,Delta Dental of Texas,,,DDT-TX-8765432,GRP-DELTA-12345,,,,,,,,,,Self,,,,,,,,,,,,,,,,,,,,,,,,,,,,,,,,,,,Dental,ADA J400,02/20/2024,,,,,,,,,,,D2160,,,,,,,,,,Bright Smile Dental Group,1234509876,,72-3456789,,"456 Dental Way Suite 200, Plano TX 75023",(972) 555-0456,,,,,,,,Dr. Anthony J Kim DDS,1321098765,,TX-DDS-00087654,1223G0001X,,,,,,,,,,,,,,,,,,,,,,,,,,,,,,,,,,,,,,,,,,,,,,,,,,,,,,,,,,,,,,,,,,,,,,,,,,"ADA dental claim: tooth number (e.g., #14) and tooth surface data are dental records — unique identifiers under HIPAA (R — other unique characteristic). CDT codes are procedure-specific.",,,Dental charts with tooth numbers are forensic identifiers — highly unique to individual
DAT-001,Date Format Variants,"Date of birth across 8 format variants — same patient, same value",DOB (C — dates),Single DOB value appears in 8 different string forms across different fields — each is a distinct string,8,"BROOKS, NATHANIEL P",Nathaniel,,Brooks,,,,,,04/22/1975,1975-04-22,04/22/75,"April 22, 1975",19750422,,,,,210-98-7654,,,,,,,,,,,,,,,,,,,,,,,,,,,,,,,,,,,,,,,,,,,,,,,,,,,,,,,,,,,,,,,,,,,,,,,,,,,,,,,,,,,,,,,,,,,,,,,,,,,,,,,,,,,,,,,,,,,,,,,,,,,,,,,,,,,,,,,,,,,,,,,,,,,,,,,,,,,,,,,,,,,,,,,,,,,,,,,,,,,,,,,,,04/22/1975,1975-04-22,"April 22, 1975",,,,,,,"DOB variants: 04/22/1975 | 1975-04-22 | 04/22/75 | April 22, 1975 | 19750422 | Apr 22, 1975 | 22-Apr-75 | **/**/1975. Each is a distinct string — str.replace on one format misses all others.","Must detect all format variants and replace consistently: if DOB maps to June 15, 1980 synthetic, ALL variants must reflect June 15, 1980 in their respective formats",,
DAT-002,Date Format Variants,"Service date range, admission, discharge, auth expiry — 5 date types one claim",Multiple date instances (C — dates),"One institutional claim contains: DOS range, admission date, discharge date, auth expiry, DOB — 5 distinct date fields, potential 15 format variants",12,"YOUNG, PATRICIA E",Patricia,,Young,,,,,,11/03/1960,1960-11-03,,,,,,,,,,,,,,,,,,,,,,,,,,,,,,,,,,,,,,Humana,,,H5432109870,,,,,,,,,,,,,,,,,,,,,,,,,,,,,,,,,,,,,,,,,,,,,UB-2024-0012345,Institutional,UB-04,01/15/2024,01/18/2024,20240115,01/15/2024 - 01/18/2024,01/15/2024,01/18/2024,,,,,,,,,AUTH-HUM-2024-0115-99201,03/15/2024,,,,,,,,,,,,,,,,,,,,,,,,,,,,,,,,,,,,,,,,,,,,,,,,,,,,,,,,,,,,,,,,,,,,,,,,,,,,,,,,,,,,,,,,,,,,,,,,,,"Five date values on one claim: DOB (11/03/1960), DOS from (01/15/2024), DOS to (01/18/2024), admission (01/15), discharge (01/18), auth expiry (03/15/2024). Each must be detected and replaced independently.",Discharge date (01/18/2024) - Admission date (01/15/2024) = 3-day stay — replacing dates must maintain internally consistent date arithmetic,,
DAT-003,Date Format Variants,Year-only DOB reference — Safe Harbor edge case,DOB — partial (year only) reference,Clinical notes contain 'born in 1960' or '**/**/1960' — no day/month so date-pattern regex won't match but still PHI,5,"CARTER, HELEN J",Helen,,Carter,,,,,,05/11/1948,1948-05-11,,,,75,,,,109-87-6543,,,,,,,,,,,,,,,,,,,,,,,,,,,,,,,,,,,,,,,,,,,,,,,,,,,,,,,,,,,,,,,,,,,,,,,,,,,,,,,,,,,,,,,,,,,,,,,,,,,,,,,,,,,,,,,,,,,,,,,,,,,,,,,,,,,,,,,,,,,,,,,,,,,,,,,,,,,,,,,,,,,,,,,,,,,,,,,,,,,,,,,,,05/11/1948,**/**/1948,born in 1948,,,,,,,"'born in 1948' — no standard date pattern matches year-only prose reference. '**/**/1948' — partially masked, year only visible. LLM semantic detection required; regex alone fails.",,Full DOB must be suppressed; 'born in 1948' is PHI even without month/day; age 75 is retainable (≤89),
SSN-001,SSN Format Variants,"SSN in 7 format variants — standard, no-dash, masked, last-4, ITIN",SSN (G — Social Security numbers),Seven SSN/ITIN string forms for same or related values — each a distinct string requiring separate detection,8,"PRICE, MARCUS A",Marcus,,Price,,,,,,08/30/1982,,,,,,,,,567-89-0125,***-**-0125,0125,,,,,,,,,,,,,,,,,,,,,,,,,,,,UnitedHealthcare,,,567890125,,,,,,,,,,,,,,,,,,,,,,,,,,,,,,,,,,,,,,,,,,,,,,,,,,,,,,,,,,,,,,,,,,,,,,,,,,,,,,,,,,,,,,,,,,,,,,,,,,,,,,,,,,,,,,,,,,,,,,,,,,,,,,,,,,,,,,,,,,,,,,,,,,,,,,,,,,,"PRICE, MARCUS A",,,567-89-0125,567890125,,SSN variants: 567-89-0125 | 567890125 | ***-**-0125 | last 4: 0125 | space-separated: 567 89 0125. Each is distinct string. Note: 567890125 (9 digits no dash) visually identical to UHC member ID format.,"***-**-0125 must update to ***-**-[new last 4 of synthetic SSN], not just blanked",,
SSN-002,SSN Format Variants,ITIN instead of SSN — non-citizen patient,"ITIN (G — SSN/Tax ID), Name, DOB","ITIN starts with 9 (area code 900-999) — distinct from valid SSN. Range: 9XX-50 to 65, 70-88, 90-92, 94-99 for middle digits.",7,"SANTOS, LUCIA F",Lucia,,Santos,,,,,,12/25/1985,,,,,,,,,,,,912-70-3456,,MEX-A1234567,2201 Border Ave Apt 3,,El Paso,TX,79901,,,,(915) 555-0225,,,,,,,,,,,,,,,,Texas Medicaid (Emergency),,,TX-EMRG-9876543,,,,,,,,,,,,,,,,,,,,,,,,,,,,,,,,,,,,,,,,,,,,,,,,,,,,,,,,,,,,,,,,,,,,,,,,,,,,,,,,,,,,,,,,,,,,,,,,,,,,,,,,,,,,,,,,,,,,,,,,,,,,,,,,,,,,,,,,,,,,,,,,,,,,,,,,,,,,,,,,,"ITIN 912-70-3456 format: 9XX (always starts with 9), middle digits 70 (valid ITIN range). Passport number MEX-A1234567 is a HIPAA unique identifier (R). Regex must differentiate ITIN from SSN.",,ITIN is Social Security number equivalent (G); passport is certificate/license (K),
SSN-003,SSN Format Variants,Provider SSN as Tax ID (sole proprietor) in billing section,SSN appearing in provider field (not patient field),Provider's SSN appears as billing Tax ID — detection must find SSN regardless of which section/field it appears in,6,"KIM, JENNIFER L",Jennifer,,Kim,,,,,,01/15/1979,,,,,,,,,,,,,,,,,,,,,,,,,,,,,,,,,,,,,,,,,,,,,,,,,,,,,,,,,,,,,,,,,,,,,,,,,,,,,,,,,,,,,,,,,,,,,,,,,,,,,,,,,,,,,,,Dr. Francis C Okonkwo MD,1210987654,Type 1 (Individual),,678-90-1235,"701 Solo Practice Ln, San Antonio TX 78201",(210) 555-0701,,,,,,,,Dr. Francis C Okonkwo MD,1210987654,BO1234567,TX-MD-00312456,,,,,,,,,,,,,,,,,,,,,,,,,,,,,,,,,,,,,,,,,,,,,,,,,,,,,,,,,,,,,,,,,,,,,,,,,,,"Provider SSN 678-90-1235 appears in BILLING section as Tax ID — same format as patient SSN but in different context. Entity-aware detection required. DEA BO1234567: B=practitioner, O=Okonkwo.",This SSN belongs to the PROVIDER — replacement must use a new synthetic SSN that is not the patient's synthetic SSN,,
CLI-001,Clinical Identifiers,NPI — Type 1 individual vs Type 2 organizational validation,"NPI (R — unique identifiers), EIN, DEA","Both NPI types are 10-digit numeric with Luhn check digit — but Type 1=individual, Type 2=org. Context distinguishes them.",8,"BUTLER, WILLIAM H",William,,Butler,,,,,,07/23/1954,,,,,,,,,,,,,,,,,,,,,,,,,,,,,,,,,,,,,,,,,,,,,,,,,,,,,,,,,,,,,,,,,,,,,,,,,,,,,,,,,,,,,,,,,,,,,,,,,,,,,,,,,,,,,,,Austin Heart Center PLLC,1234567893,Type 2 (Organization),74-3829156,,,,,,,,,,,Dr. Patricia Ann Lee MD,1902837465,BL5678901,TX-MD-00129841,,Dr. Samuel Park MD,1987654322,,,,,,,,,,,,,,,,,,,,,,,,,,,,,,,,,,,,,,,,,,,,,,,,,,,,,,,,,,,,,,,,,,,,,,,,"NPIs: 1234567893 (org, 10-digit Luhn-valid), 1902837465 (individual), 1987654322 (individual). All same format — context (billing vs rendering vs referring) determines role. Regex: ^[12]\d{9}$",Three distinct NPIs on one claim — each must map to a different valid synthetic NPI (Luhn-valid),,
CLI-002,Clinical Identifiers,DEA number with validation — format and checksum,"DEA (K — certificate/license numbers), NPI, state license",DEA format: 2 letters + 7 digits. First letter = registrant type; second = first letter of surname. Check digit validated.,6,"DIAZ, ROBERTO L",Roberto,,Diaz,,,,,,06/14/1968,,,,,,,,,,,,,,,,,,,,,,,,,,,,,,,,,,,,,,,,,,,,,,,,,,,,,,,,,,,,,,,,,,,,,,,,,,,,,,,,,,,,,,,,,,,,,,,,,,,,,,,,,,,,,,,,,,,,,,,,,,,,,Dr. Andrea C Martinez MD,1543219871,BM2345674,CA-MD-00145678,,,,,,,,,,,,,,,,,,,,,,,,,,,,,,,,,,,,,,,,,,,,,,,,,,,,,,,,,,,,,,,,,,,,,,,,,,,"DEA BM2345674: B=practitioner, M=Martinez surname initial. Checksum: 2+4+7=13; 2×(3+5+6)=28; 13+28=41; check digit=1? Validate: 2+4+7=13; 2×(3+5+6)=28; total=41; last digit=1. Wait: BM2345674 → 2,3,4,5,6,7,4: odd positions(1,3,5,7)=2+4+6+4=16; even(2,4,6)=3+5+7=15; 16+2×15=46; 46 mod10=6≠4. Use fictitious value for illustration. Format regex: ^[ABFGM][A-Za-z9]\d{7}$",,DEA number = certificate/license number (K),
CLI-003,Clinical Identifiers,"NDC drug code — 3 format variants (4-4-2, 5-3-2, 5-4-1)","NDC (R — unique identifiers), Drug name as quasi-identifier",NDC 10-digit code has 3 segment configurations; padded 11-digit for CMS. Drug name reveals diagnosis indirectly.,7,"WARREN, CRYSTAL D",Crystal,,Warren,,,,,,10/10/1975,,,,,,,,,,,,,,,,,,,,,,,,,,,,,,,,,,,,,,,Express Scripts (PBM),,,ESI-98765432,,,,,,,,,,,,,,610502,ESI,RXESI98765,,,,,,,,,,,,,,,,,,,,,,,,,,,,,,,,,,,,,,,,,,,,,,,,,,,,,,,,,,,,,,,,,,,,,,,,,,,,,,,,,,,,,,,,Dr. Laura B Chen MD,1654321098,BC3456782,,RX-2024-091234,00777-3105-02,Tecfidera (dimethyl fumarate) 240mg,,,,,,,,,,,,,,,,,,,,,,,,,,,,,,,,,,,,,,,,,,,,,,,,,,,NDC 00777-3105-02 (4-4-2 format) = 00777310502 (11-digit padded) = 7773105-02 (5-3-2). Drug name 'Tecfidera' reveals MS diagnosis — PHI quasi-identifier. NDC regex: \d{4}-\d{4}-\d{2} | \d{5}-\d{3}-\d{2} | \d{5}-\d{4}-\d{1} | \d{11},,,Specialty drug NDC (Tecfidera for MS) is indirect diagnosis indicator — quasi-identifier even after NDC is removed
CLI-004,Clinical Identifiers,Prior authorization number + expiry — payer-specific formats,"Auth number (R — unique identifiers), Auth expiry date (C — dates)",Auth number format varies by payer: Aetna uses AUTH-YYYY-XXXXXX; BCBS uses AUTH-TX-XXXXXXXXXX etc.,5,"SANDERS, MICHAEL T",Michael,,Sanders,,,,,,02/28/1979,,,,,,,,,,,,,,,,,,,,,,,,,,,,,,,,,,,,,,,Aetna Health,,,W678901234,,,,,,,,,,,,,,,,,,,,,,,,,,,,,,,,,,,,,,,,,,,,,CLM-2025-0054321-001,,,,,,,,,,,,,,,,,AUTH-2025-031234,06/30/2025,,,,,,,,,,,,,,,,,,,,Dr. Gregory R Osei MD,1432100987,,,,,,,,,,,,,,,,,,,,,,,,,,,,,,,,,,,,,,,,,,,,,,,,,,,,,,,,,,,,,,,,,,,,,,,,,,,,,Prior auth number formats by payer: Aetna AUTH-YYYY-NNNNNN; BCBS AUTH-TX-NNNNNNNNNN; UHC AUTH-NNNNNNNNNN; Humana HAUTH-XXXXXXXX. Each is HIPAA (R) unique identifier.,Claim number and auth number must be replaced consistently if they cross-reference each other,,
ADR-001,Address Format Variants,PO Box address vs physical address — same patient,2 addresses (B — geographic subdivisions),"Patient has PO Box for mail, physical address for home — two different addresses both are PHI, may appear in different fields",8,"ROSS, VIRGINIA K",Virginia,,Ross,,,,,,03/29/1967,,,,,,,,,789-01-2346,,,,,,892 Countryside Drive,,Buda,TX,78610,,"PO Box 4521, Buda TX 78610-4521",(512) 555-0892,,,,,,,,,,,,,,,,,BCBS of Texas,,,YMT234567890,,,,,,,,,,,,,,,,,,,,,,,,,,,,,,,,,,,,,,,,,,,,,,,,,,,,,,,,,,,,,,,,,,,,,,,,,,,,,,,,,,,,,,,,,,,,,,,,,,,,,,,,,,,,,,,,,,,,,,,,,,,,,,,,,,,,,,,,,,,,,,,,,,,,,,,,,,,,,,,,"PO Box 4521, Buda TX 78610-4521","Physical: 892 Countryside Drive, Buda TX 78610. Mailing: PO Box 4521, Buda TX 78610-4521. Two distinct strings for same patient. Billing may use PO Box; service records use physical address.",,,
ADR-002,Address Format Variants,Military APO/FPO address — active duty patient,Military address (B — geographic; NOT subject to state/city geographic restrictions),APO/FPO addresses reveal military affiliation — sensitive category; standard city/state/ZIP rules don't apply to APO codes,7,"HALL, SERGEANT AMANDA R",Amanda,,Hall,,SGT,,,,08/14/1994,,,,,,,,,,,,,,,Unit 2319 Box 5678,,APO,AE,09349,,,,011-49-555-0814,,,,,,,,,,,,,,,,TRICARE Prime,,TRICARE,9876543210123,,,,,,,,,,,,,,,,,,,,,,,,,,,,,,,,,,,,,,,,,,,,,,,,,,,,,,,,,,,,,,,,,,,,,,,,,,,,,,,,,,,,,,,,,,,,,,,,,,,,,,,,,,,,,,,,,,,,,,,,,,,,,,,,,,,,,,,,,,,,,,,,,,,,,,,,,,,,,,,,,"APO AE 09349 = Army Post Office, Europe. City='APO', State='AE' — not a standard US city/state. Military rank prefix (SGT) is PII. International phone format 011-49-xxx.",,Address is PHI (B). 'APO AE 09349' identifies military installation — geographic identifier.,
ADR-003,Address Format Variants,Service address ≠ billing address — facility vs provider billing,Two facility addresses (B — geographic),Service rendered at clinic (service address) but billed from headquarters (billing address) — two different institutional addresses,6,"WOOD, ROBERT F",Robert,,Wood,,,,,,09/12/1955,,,,,,,,,,,,,,,,,,,,,,,,,,,,,,,,,,,,,,,,,,,,,,,,,,,,,,,,,,,,,,,,,,,,,,,,,,,,,,,,,,,,,,,,,,,,,,,,,,,,,,,,,,,,,,,TexasHealth Physician Group,1234512345,,75-1234567,,"4000 TexasHealth Blvd Suite 100, Arlington TX 76014",(817) 555-4000,,,,TexasHealth Harris Methodist Azle,1234554321,"108 Denver Trail, Azle TX 76020",,,,,,,,,,,,,,,,,,,,,,,,,,,,,,,,,,,,,,,,,,,,,,,,,,,,,,,,,,,,,,,,,,,,,,,,,,,,,,,,Billing address (Arlington) ≠ service facility address (Azle) — two distinct geographic PII entries. CMS-1500 Box 32 = service location; Box 33 = billing location. Both are PHI.,,,
PHN-001,Phone Format Variants,Same patient phone in 8 formats across different source fields,Phone (D — telephone numbers),One phone number 'lives' as 8 distinct strings in different system fields — regex on any one form misses others,8,"ALLEN, THOMAS B",Thomas,,Allen,,,,,,11/08/1974,,,,,,,,,,,,,,,,,,,,,,(512) 867-5309,512-867-5309,512.867.5309,ext. 441,(512) 867-5308,,,,,,,,,,,,,Cigna,,,U89012345,,,,,,,,,,,,,,,,,,,,,,,,,,,,,,,,,,,,,,,,,,,,,,,,,,,,,,,,,,,,,,,,,,,,,,,,,,,,,,,,,,,,,,,,,,,,,,,,,,,,,,,,,,,,,,,,,,,,,,,,,,,,,,,,,,,,,,,,,,,,,,,,,,,,,(512) 867-5309,512-867-5309,+15128675309,,,,,,,,,,Same number in 8 forms: (512) 867-5309 | 512-867-5309 | 5128675309 | 512.867.5309 | +1-512-867-5309 | +15128675309 | 512/867-5309 | 1-512-867-5309. Each str.replace misses the others.,"Normalize all variants to canonical (+1NNNNNNNNNN), look up synthetic, re-apply each format template",,
PHN-002,Phone Format Variants,Insurer 800-number and provider pager — different phone categories,"Toll-free phone (D), Pager (D), Fax (E)","800-numbers, pager codes, and fax numbers are all HIPAA telephone/fax identifiers but different formats",6,"HARRIS, DIANE P",Diane,,Harris,,,,,,04/14/1969,,,,,,,,,,,,,,,,,,,,,,,(512) 555-0414,,,,,,,,,,,,,,,,Humana,,,H6543210987,,,,,,,,,,,,,,,,,,,,,,,,,,,,,,,,,,,,,,,,,,,,,,,,,,,,,,,,,,,,,,,,,,,,,Austin Multispecialty Group,,,,,,(512) 555-3456,(512) 555-3457,billing@austinmsg.com,,,,,,Dr. Nathan L Brooks MD,1098709870,,,,,,,,,,,,,,,,,,,,,,,,,,,,,,,,,,,,,,,,,,,,,,,,,,,,,,,,,,,,,,,,,,,,,,,,,,,,,"Billing phone (512) 555-3456, fax (512) 555-3457 — adjacent numbers look like one number with +1 but are separate identifiers. Provider pager '(512) 300-1099' vs member services '1-800-555-1234' — both HIPAA telephone identifiers.",,Telephone numbers (D) and fax numbers (E) are separate HIPAA identifier categories,
QID-001,Quasi-Identifiers / Rare Disease,Rare disease ICD-10 — Fabry disease (E75.21) as quasi-identifier,Diagnosis (not HIPAA Safe Harbor — but Expert Determination flag),"Fabry disease affects ~1:40,000 people. E75.21 + minimal demographics uniquely identifies patient despite Safe Harbor compliance.",9,"YOUNG, BRADLEY K",Bradley,,Young,,,,,,09/16/1978,,,,,,,,,890-12-3456,,,,,,501 Rare Way,,Lubbock,TX,79401,,,,,,,,,,,,,,,,,,,,BCBS Texas,,,YMT345678901,,,,,,,,,,,,,,,,,,,,,,,,,,,,,,,,,,,,,,,,,,,,,CLM-2024-0091234-001,,,02/10/2024,,,,,,,,E75.21,,TRUE,,,,,,,,,,,,,,,,,,,,,,,,,Dr. Katherine A Reeves MD (Genetics),1543298761,,,,,,,,,,,,,,,,,,,,,,,,,,,,,,,,,,,,,,,,,,,,,,,,,,,,,,,,,,,,,,,E75.21 (Fabry disease) + male sex + age 45 + Texas = <5 possible individuals statewide,CRITICAL — HIPAA Expert Determination required,,,,,,,,,,,,,"HIPAA Safe Harbor does NOT require removal of diagnosis codes, but E75.21 is a rare disease quasi-identifier. Expert Determination analysis needed. Combination with age/sex/ZIP could identify patient even with name removed.",,,"E75.21 alone may constitute re-identification risk — population <1,000 in Texas. Should be generalized to parent code E75.2 or removed under Expert Determination"
QID-002,Quasi-Identifiers / Rare Disease,HIV status (Z21) — sensitive diagnosis with federal protections,"HIV diagnosis, Name, DOB",HIV status carries additional federal protections beyond HIPAA. Z21 (asymptomatic HIV infection) is highly sensitive.,8,"BISHOP, ALEX M",Alex,,Bishop,,,,,,03/22/1988,,,,,,,,,901-23-4567,,,,,,,,,,,,,,,,,,,,ID-CLINIC-2024-044321,,,,,,,,,,Medicaid,,,TX-MAID-8765432109,,,,,,,,,,,,,,,,,,,,,,,,,,,,,,,,,,,,,,,,,,,,,CLM-2024-0044321-001,,,03/05/2024,,,,,,,,Z21,B20,TRUE,,,,,,,,,,,,,,,,,,,,,,,,,Dr. Aisha L Osei MD (Infectious Disease),1654312987,,,,,,,,,,,,,,,,,,,,,,,,,,,,,,,,,,,,,,,,,,,,,,,,,,,,,,,,,,,,,,,Z21/B20 (HIV) + age + location + prescriber specialty reveals HIV-positive status,CRITICAL — Ryan White confidentiality protections apply,,,,,,,,,,,,,Z21 (asymptomatic HIV) + B20 (HIV disease) together confirm HIV status. Provider specialty (Infectious Disease) reinforces diagnosis. Ryan White Program records have additional confidentiality protections beyond HIPAA.,,,HIV diagnosis is sensitive health category — combination with demographics creates extreme re-identification risk
QID-003,Quasi-Identifiers / Rare Disease,"Huntington's disease (G10) — genetic identifier, family implications","Genetic diagnosis, Name, DOB — family re-identification risk",Huntington's is hereditary — one diagnosis implies 50% chance of same in first-degree relatives. Family members become quasi-identifiable.,10,"CAMPBELL, ROBERT N",Robert,,Campbell,,,,,,12/03/1970,,,,,,,,,123-45-6789,,,,,,,,,,,,,,,,,,,,NEURO-2024-018765,,,,,,,,,,Aetna,,,W901234567,,,,,,,,,,,,,,,,,,,,,,,,,,,,,,,,,,,,,,,,,,Linda A Campbell,(214) 555-0312,Spouse,CLM-2024-0018765-001,,,01/08/2024,,,,,,,,G10,,TRUE,,,,,,,,,,,,,,,,,,,,,,,,,Dr. Sandra M Park MD PhD (Neurology/Genetics),1765432181,,,,,,,,,,,,,,,,,,,,,,,,,,,,,,,,,,,,,,,,,,,,,,,,,,,,,,,,,,,,,,,G10 (Huntington's) + surname + family members = re-identifies entire family lineage,EXTREME — genetic condition with family re-identification implications,,,,,,,,,,,,,"Huntington's disease (G10) affects ~1:10,000. Autosomal dominant — children of patient have 50% risk. Emergency contact surname (Campbell) links family. Emergency contact is 3rd-party PII.",,,Genetic condition diagnoses are ultra-sensitive — Genetic Information Nondiscrimination Act (GINA) additional protections apply beyond HIPAA
NAM-001,Name Disambiguation,"Same name + same DOB — two different patients, different SSNs","Names (matching), DOBs (matching), SSNs (different)",Two patients named 'Michael Johnson' both born 05/20/1968 — different SSNs disambiguate. Redaction must not conflate.,8,"JOHNSON, MICHAEL D",Michael,David,Johnson,,,,,,05/20/1968,,,,,,,,,111-22-3344,,,,,,,,,,,,,,(512) 555-0111,,,,,,RGH-2023-011820,,,,,,,,,,UnitedHealthcare,,,111223344,,,,,,,,,,,,,,,,,,,,,,,,,,,,,,,,,,,,,,,,,,,,,CLM-2023-0011820-001,,,,,,,,,,,,,,,,,,,,,,,,,,,,,,,,,,,,,,,,,,,,,,,,,,,,,,,,,,,,,,,,,,,,,,,,,,,,,,,,,,,,,,,,,,,,,,,,,,,,,,First name + Last name + DOB alone do NOT uniquely identify — SSN or MRN required,,,,,,,,,,,,,,Two distinct patients: Michael D Johnson SSN 111-22-3344 MRN RGH-2023-011820 vs Michael J Johnson SSN 222-33-4455 MRN RGH-2023-018456. Same name+DOB — different people. Synthetic replacement must produce DIFFERENT new identities for each.,"If same synthetic 'Michael Johnson' replacement used for both patients, the distinction is lost — must track by MRN or SSN as canonical key",,
NAM-002,Name Disambiguation,Same patient — different name forms across same document,"Name variants (A — names): full, short, title+last, initials","Sarah Johnson appears as: 'Sarah Johnson', 'Ms. Johnson', 'Sarah E. Johnson', 'S.E.J.' — 4 different strings, all same person",6,"JOHNSON, SARAH E",Sarah,Elizabeth,Johnson,,,,,,07/22/1990,,,,,,,,,987-65-4321,,,,,,,,,,,,,,,,,,,,RGH-2024-039812,,,,,,,,,,,,,,,,,,,,,,,,,,,,,,,,,,,,,,,,,,,,,,,,,,,,,,,,,,,,,,,,,,,,,,,,,,,,,,,,,,,,,,,,,,,,,,,,,,,,,,,,,,,,,,,,,,,,,,,,,,,,,,,,,,,,,,,,,,,,,,,,,,,,,,,,,,,,,,,,,,,,,,,,Sarah Elizabeth Johnson,Ms. Johnson,S.E.J.,,,,Four name forms for same patient: 'Sarah Elizabeth Johnson' | 'Sarah Johnson' | 'Ms. Johnson' | 'S.E.J.' | 'Sarah E. Johnson' | 'Sarah' (first name only in prose). Each is a distinct string that str.replace on full name misses.,Initials 'S.E.J.' → 'L.C.M.' (if synthetic is Laura Catherine Mitchell). Title+last 'Ms. Johnson' → 'Ms. Mitchell'. Each variant requires its own format-aware replacement,,
IMG-001,DICOM / Imaging Metadata,DICOM study metadata — 10 PII tags in structured fields,All 18 HIPAA identifiers potentially present in DICOM tags,DICOM header contains 30+ PII tags. Burned-in pixel annotations embed PII as image data — invisible to text scanners.,14,"JOHNSON, SARAH E",Sarah,,Johnson,,,,,,07/22/1990,,,,,,,,,987-65-4321,,,,,,,,,,,,,,,,,,,,RGH-2024-039812,,,,,,,,,,BCBS Texas,,,YMT987654321,,,,,,,,,,,,,,,,,,,,,,,,,,,,,,,,,,,,,,,,,,,,,,,,,,,,,,,,,,,,,,,,,,,,,,,,,,,,,,,,,,,,,,,,,,,,,,,,,,,,,,,,,,,,,,,,,,,,,,,,,,,,,,,,,,,,,,,,,,Johnson^Sarah^Elizabeth^^,RGH-2024-039812,19900722,20240316,ACC-RGH-2024-018821,Chen^Michael^^^MD,Riverside General Hospital,Park^Sandra^^^MD,YES — T2-FLAIR overlay with patient name and MRN,,,,,,,,,,,,,,,"DICOM Patient Name tag format: LastName^FirstName^Middle^^ — caret-delimited. Patient ID = MRN. Study date in YYYYMMDD (HL7). Burned-in annotations = PII in pixel data, invisible to text-layer scanner; OCR required.",DICOM tags require pydicom library to access. Burned-in pixel annotations require OCR + image inpainting for replacement.,All 222 DICOM tags addressed by HIPAA Supplement 142. Burned-in annotations covered by identifier Q (full-face photographs and comparable images),
SYS-001,System / Telehealth Metadata,"Telehealth claim — IP address, session data, patient portal URL","IP address (O — IP addresses), URL (N — web URLs), Name, DOB",Telehealth introduces IP address and URL as PHI under HIPAA. IP reveals location even without address field.,11,"TURNER, ALICE V",Alice,,Turner,,,,,,02/26/1981,,,,,,,,,210-09-8765,,,,,,,,,,,,,,,,,,alice.turner81@gmail.com,,RGH-2024-061234,,,https://myhealth.riversidegeneral.org/patient/RGH-2024-039812,192.168.10.45,,,,,,Cigna,,,U90123456,,,,,,,,,,,,,,,,,,,,,,,,,,,,,,,,,,,,,,,,,,,,,,Professional,CMS-1500,03/05/2024,,,,,,,02,G35,,,,,,,,,,,,,,,,,,,,,,,,,,,Dr. Michael Chen MD,1234567893,,,,,,,,,,,,,,,,,,,,,,,,,,,,,,,,,,,,,,,,,,,,,,,,,,,,,,,,,,,,,,,,,,,,,,,,,,,,,IP address 192.168.10.45 is HIPAA O identifier. Patient portal URL contains MRN 'RGH-2024-039812' — URL itself is HIPAA N identifier. POS 02 = telehealth. Session metadata may include device ID (HIPAA M).,,"IP address (O), URL (N) are both explicit HIPAA Safe Harbor identifiers",
INT-001,International Patient,"International patient — passport as primary ID, no SSN","Passport (K — certificate/license numbers), International address, International phone",Non-US patient uses passport instead of SSN. Address and phone formats differ. Insurance may be international/travel.,11,"MÜLLER, HANS W",Hans,Werner,Müller,,,,,,07/14/1959,1959-07-14,,,,,,,,,,,,,GBR-C89012345,14 Kensington Court,,London,England,W8 5DL,,,,+44-20-7946-0958,,,,hans.mueller@gmail.co.uk,,RGH-2024-098765,,,,,,,,,,Cigna Global Health,,International PPO,CGH-INTL-UK-345678,,,,,,,,,,,,,,,,,,,,,,,,,,,,,,,,,,,,,,,,,,,,,,,,,,,,,,,,,,,,,,,,,,,,,,,,,,,,,,,,,,,,,,,,,,,,,,,,,,,,,,,,,,,,,,,,,,,,,,,,,,,,,,,,,,,,,,,,,,,,,,,,,,,,,,,,,,,,,,,,,Passport GBR-C89012345 = UK passport number (K identifier). Umlaut in name (Müller) may cause encoding issues. UK phone +44-20-7946-0958. UK postcode W8 5DL = geographic data (B). No SSN — passport is primary government ID.,Synthetic replacement must use valid UK passport format (3-letter country + letter + 8 digits). UK postcode requires UK-format synthetic.,,
EOB-001,Explanation of Benefits,"EOB document — reveals service details, provider name, amounts paid","Names, DOB, Member ID, Dates of Service, Provider name+address, Remark codes",EOB mailed to subscriber reveals patient's care details — sent to household so sensitive for minor/dependent or transgender patient,13,"JOHNSON, SARAH E",Sarah,,Johnson,,,,,,07/22/1990,,,,,,,,,,,,,,,,,,,,,,,,,,,,,,,,,,,,,,,Blue Cross Blue Shield Texas,,,YMT987654321,GRP-TX-88120,,,David Allen Johnson,08/17/1984,,,,,,,,,,,,,,,,,,,,,,,,,,,,,,,,,,,,,,,,,,,03/15/2024,,,,,,,,,,,,,,,,,,,"$4,250.00",$350.00,,,,,,,,,,,,,,,,,,,,,,,,,,,,,,,,,,,,,,,,,,,,,,,,,,,,,,,,,,,,,,,,,BCBSTX-2024-0039812-001,"David Allen Johnson, 4521 Oak Street, Austin TX 78701",Neurology office visit + MRI brain w/wo contrast,CO-45 (contractual adjustment),,,,,,,,,,,,,,,,,,,,,,,,,EOB sent to subscriber (David) reveals patient (Sarah) received neurology MRI — implicit MS diagnosis disclosure to household. Subscriber name+address on EOB mailing label is 3rd-party PII.,,,Service description 'MRI brain' on EOB reveals neurological condition — indirectly discloses diagnosis to subscriber/household even if diagnosis code not shown
SPX-001,Format Specimen Matrix,Single patient — all PII types in all format variants simultaneously,All 18 HIPAA identifiers in multiple format variants,Maximum edge case density — same patient's data appearing in every known format variant across all PII categories,45,"JOHNSON, SARAH E",Sarah,Elizabeth,Johnson,,,Nguyen,Sarah,,07/22/1990,1990-07-22,07/22/90,"July 22, 1990",19900722,33,F,,,987-65-4321,***-**-4321,4321,,TX-DL-7823041-C,,4521 Oak Street,,Austin,TX,78701,78701-3214,"PO Box 4521, Austin TX 78701",(512) 867-5309,(512) 867-5310,(512) 440-0220,114,(512) 867-5308,sarah.e.johnson@gmail.com,s.johnson@austinisd.org,RGH-2024-039812,,ACCT-00789456,https://myhealth.riversidegeneral.org/patient/RGH-2024-039812,192.168.10.45,,,,,,Blue Cross Blue Shield of Texas,04462,,YMT987654321,GRP-TX-88120,AISD Employee Health Plan,,Sarah Elizabeth Johnson,07/22/1990,987-65-4321,,,,,,,,610415,BCBSTX,RXGRP88120,,,,Aetna Dental,,,W987654321,0798765,,,,,,,,,,Sarah Elizabeth Johnson,,987-65-4321,,,,,Self,David Allen Johnson,(512) 867-0092,Spouse,CLM-2024-0039812-001,,,03/15/2024,03/22/2024,,03/15/2024 - 03/22/2024,03/20/2024,03/22/2024,,,G35,G35.3,,,,,AUTH-BCBS-2024-TX-119820,06/30/2024,,,,,,Riverside General Hospital,1234567893,Type 2,74-3829156,,"2400 Medical Center Dr, Austin TX 78701",(512) 300-1000,,,,,,,,Dr. Michael Chen MD,1234567890,BC1234523,TX-MD-00129834,,Dr. Patricia Lee MD,1902837465,,,,,,,,,,,,,,,,,,,RX-2024-082341,00777-3105-02,Avonex 30mcg IM,,,,,,,,,,,,,,,,,,,,,,,,,,,,,,,,,,,,,,,(512) 867-5310,512-867-5310,+15128675310,07/22/1990,1990-07-22,"July 22, 1990","JOHNSON, SARAH E",Sarah E. Johnson,,987-65-4321,***-**-4321,"4521 Oak Street, Austin TX 78701",Maximum density row — same patient in all format variants. 45 PII instances across all 18 HIPAA identifier categories. Use as comprehensive ground-truth benchmark row.,All format variants must resolve to same synthetic entity. ins1_subscriber_ssn = guarantor_ssn = patient_ssn — one synthetic SSN serves all three fields.,"All 18 identifier categories present: Names(A), Geographic(B), Dates(C), Phone(D), Fax(E), Email(F), SSN(G), MRN(H), Member ID(I), Account#(J), License(K), URL(N), IP(O), Photo/DICOM(Q), Claim#/Auth#(R)",
